{"stats":{"minecraft:used":{"creeperoverhaul:jungle_creeper_spawn_egg":1,"decorative_blocks:bar_panel":1,"endermanoverhaul:badlands_enderman_spawn_egg":1,"deeperdarker:sculk_snapper_spawn_egg":1,"creeperoverhaul:dark_oak_creeper_spawn_egg":1,"deeperdarker:gloomslate_coal_ore":1,"deeperdarker:ancient_vase":1,"creeperoverhaul:mushroom_creeper_spawn_egg":1,"ecologics:squirrel_spawn_egg":1,"deeperdarker:stalker_spawn_egg":1,"minecraft:smooth_sandstone":2,"deeperdarker:sculk_leech_spawn_egg":1,"minecraft:white_terracotta":1,"endermanoverhaul:end_enderman_spawn_egg":1,"creeperoverhaul:tiny_cactus":1,"creeperoverhaul:badlands_creeper_spawn_egg":1,"deeperdarker:sculk_centipede_spawn_egg":1,"creeperoverhaul:bamboo_creeper_spawn_egg":1,"deeperdarker:shriek_worm_spawn_egg":2,"bygonenether:netherite_bell":1,"deeperdarker:gloomslate_diamond_ore":1,"creeperoverhaul:ocean_creeper_spawn_egg":1,"deeperdarker:sculk_stone":8,"ecologics:coconut_crab_spawn_egg":1,"minecraft:sand":4,"minecraft:terracotta":2,"ecologics:penguin_spawn_egg":1,"deeperdarker:sculk_stone_coal_ore":1,"decorative_blocks:stone_pillar":2,"bygonenether:warped_enderman_spawn_egg":1,"deeperdarker:shattered_spawn_egg":1,"betterarcheology:villager_fossil":1,"deeperdarker:sculk_stone_diamond_ore":1,"deeperdarker:crystallized_amber":1,"decorative_blocks:chandelier":1,"bygonenether:withered_debris":12},"minecraft:picked_up":{"ecologics:coconut_slice":2},"minecraft:custom":{"minecraft:time_since_rest":25771,"minecraft:sprint_one_cm":23098,"minecraft:walk_one_cm":43553,"minecraft:mob_kills":9,"minecraft:drop":1,"minecraft:damage_dealt":2325,"minecraft:fly_one_cm":72208,"minecraft:crouch_one_cm":10604,"minecraft:play_time":25771,"minecraft:bell_ring":18,"minecraft:sneak_time":3638,"minecraft:aviate_one_cm":83032,"minecraft:jump":89,"minecraft:leave_game":1,"minecraft:time_since_death":25771,"minecraft:total_world_time":25771},"minecraft:killed":{"deeperdarker:shriek_worm":2},"minecraft:dropped":{"ecologics:coconut_slice":2}},"DataVersion":3465}