{"stats":{"minecraft:killed":{"deeperdarker:shriek_worm":2},"minecraft:used":{"minecraft:birch_fence":1,"creeperoverhaul:jungle_creeper_spawn_egg":1,"endermanoverhaul:badlands_enderman_spawn_egg":1,"deeperdarker:sculk_snapper_spawn_egg":1,"creeperoverhaul:dark_oak_creeper_spawn_egg":1,"deeperdarker:ancient_vase":1,"deeperdarker:gloomslate_coal_ore":1,"creeperoverhaul:mushroom_creeper_spawn_egg":1,"ecologics:squirrel_spawn_egg":1,"deeperdarker:stalker_spawn_egg":1,"minecraft:smooth_sandstone":2,"deeperdarker:sculk_leech_spawn_egg":1,"minecraft:white_terracotta":1,"endermanoverhaul:end_enderman_spawn_egg":1,"creeperoverhaul:tiny_cactus":1,"creeperoverhaul:badlands_creeper_spawn_egg":1,"deeperdarker:sculk_centipede_spawn_egg":1,"creeperoverhaul:bamboo_creeper_spawn_egg":1,"deeperdarker:shriek_worm_spawn_egg":2,"bygonenether:netherite_bell":1,"deeperdarker:gloomslate_diamond_ore":1,"creeperoverhaul:ocean_creeper_spawn_egg":1,"minecraft:oak_door":1,"minecraft:bamboo_mosaic_stairs":1,"deeperdarker:sculk_stone":8,"ecologics:coconut_crab_spawn_egg":1,"minecraft:terracotta":2,"minecraft:sand":5,"ecologics:penguin_spawn_egg":1,"minecraft:cherry_stairs":2,"decorative_blocks:stone_pillar":2,"deeperdarker:sculk_stone_coal_ore":1,"bygonenether:warped_enderman_spawn_egg":1,"deeperdarker:shattered_spawn_egg":1,"betterarcheology:villager_fossil":1,"deeperdarker:sculk_stone_diamond_ore":1,"deeperdarker:crystallized_amber":1,"decorative_blocks:chandelier":1,"bygonenether:withered_debris":12,"decorative_blocks:bar_panel":1},"minecraft:picked_up":{"ecologics:coconut_slice":2},"minecraft:dropped":{"minecraft:sandstone_wall":1,"minecraft:birch_fence":1,"ecologics:coconut_slice":2,"minecraft:sand":1},"minecraft:custom":{"minecraft:time_since_rest":64928,"minecraft:sprint_one_cm":71170,"minecraft:walk_one_cm":91320,"minecraft:mob_kills":9,"minecraft:drop":4,"minecraft:damage_dealt":2380,"minecraft:fly_one_cm":256784,"minecraft:open_chest":1,"minecraft:crouch_one_cm":12733,"minecraft:play_time":64928,"minecraft:bell_ring":18,"minecraft:sneak_time":6685,"minecraft:aviate_one_cm":83032,"minecraft:jump":523,"minecraft:leave_game":2,"minecraft:time_since_death":64928,"minecraft:total_world_time":64928,"minecraft:climb_one_cm":2347}},"DataVersion":3465}