{"stats":{"minecraft:used":{"bygonenether:netherite_bell":1,"decorative_blocks:bar_panel":1,"endermanoverhaul:badlands_enderman_spawn_egg":1,"endermanoverhaul:end_enderman_spawn_egg":1,"minecraft:white_terracotta":1,"betterarcheology:villager_fossil":1,"minecraft:terracotta":2,"decorative_blocks:chandelier":1,"bygonenether:withered_debris":12,"bygonenether:warped_enderman_spawn_egg":1},"minecraft:custom":{"minecraft:jump":9,"minecraft:time_since_rest":4794,"minecraft:damage_dealt":70,"minecraft:crouch_one_cm":2291,"minecraft:sprint_one_cm":2146,"minecraft:play_time":4794,"minecraft:time_since_death":4794,"minecraft:walk_one_cm":8500,"minecraft:bell_ring":18,"minecraft:sneak_time":494,"minecraft:total_world_time":4794,"minecraft:fly_one_cm":7708}},"DataVersion":3465}