{"stats":{"minecraft:custom":{"minecraft:mob_kills":11,"minecraft:animals_bred":2,"minecraft:bell_ring":18,"minecraft:leave_game":6,"minecraft:time_since_death":130908,"minecraft:climb_one_cm":3263,"minecraft:time_since_rest":130908,"minecraft:sprint_one_cm":105247,"minecraft:walk_one_cm":160817,"minecraft:drop":62,"minecraft:damage_dealt":2536,"minecraft:fly_one_cm":457037,"minecraft:open_chest":1,"minecraft:crouch_one_cm":19314,"minecraft:play_time":130908,"minecraft:sneak_time":10577,"minecraft:aviate_one_cm":83032,"minecraft:jump":751,"minecraft:total_world_time":130908},"minecraft:killed":{"wilderwild:tumbleweed":2,"deeperdarker:shriek_worm":2},"minecraft:dropped":{"minecraft:wheat_seeds":459,"ecologics:coconut_slice":2,"minecraft:sandstone_wall":1,"minecraft:birch_fence":1,"minecraft:sand":1},"minecraft:picked_up":{"minecraft:feather":5,"minecraft:string":1,"wilderwild:tumbleweed_plant":1,"minecraft:bone":1,"minecraft:wheat_seeds":385,"minecraft:gold_nugget":1,"minecraft:iron_nugget":1,"naturalist:catfish":1,"ecologics:coconut_slice":2,"ecologics:prickly_pear":3,"minecraft:rotten_flesh":1,"minecraft:slime_ball":1},"minecraft:used":{"naturalist:dragonfly_spawn_egg":1,"naturalist:elephant_spawn_egg":1,"creeperoverhaul:jungle_creeper_spawn_egg":1,"deeperdarker:sculk_snapper_spawn_egg":1,"creeperoverhaul:dark_oak_creeper_spawn_egg":1,"naturalist:lizard_spawn_egg":1,"creeperoverhaul:mushroom_creeper_spawn_egg":1,"naturalist:snail_spawn_egg":1,"ecologics:squirrel_spawn_egg":1,"naturalist:finch_spawn_egg":1,"naturalist:robin_spawn_egg":1,"naturalist:rhino_spawn_egg":1,"deeperdarker:stalker_spawn_egg":1,"naturalist:catfish_spawn_egg":1,"naturalist:canary_spawn_egg":1,"naturalist:caterpillar_spawn_egg":1,"minecraft:white_terracotta":1,"minecraft:sandstone":23,"creeperoverhaul:tiny_cactus":1,"creeperoverhaul:badlands_creeper_spawn_egg":1,"deeperdarker:sculk_centipede_spawn_egg":1,"naturalist:firefly_spawn_egg":1,"creeperoverhaul:bamboo_creeper_spawn_egg":1,"creeperoverhaul:ocean_creeper_spawn_egg":1,"naturalist:tortoise_spawn_egg":1,"minecraft:oak_door":1,"minecraft:bamboo_mosaic_stairs":1,"naturalist:butterfly_spawn_egg":1,"minecraft:torch":4,"ecologics:coconut_crab_spawn_egg":1,"naturalist:vulture_spawn_egg":1,"naturalist:duck_spawn_egg":1,"minecraft:sand":5,"minecraft:terracotta":2,"ecologics:penguin_spawn_egg":1,"naturalist:bass_spawn_egg":1,"decorative_blocks:stone_pillar":2,"deeperdarker:sculk_stone_coal_ore":1,"naturalist:coral_snake_spawn_egg":1,"deeperdarker:shattered_spawn_egg":1,"naturalist:deer_spawn_egg":1,"naturalist:bear_spawn_egg":1,"naturalist:rattlesnake_spawn_egg":1,"deeperdarker:sculk_stone_diamond_ore":1,"deeperdarker:crystallized_amber":1,"decorative_blocks:chandelier":1,"minecraft:birch_fence":16,"decorative_blocks:bar_panel":1,"endermanoverhaul:badlands_enderman_spawn_egg":1,"deeperdarker:gloomslate_coal_ore":1,"deeperdarker:ancient_vase":1,"hamsters:hamster_spawn_egg":2,"naturalist:sparrow_spawn_egg":1,"wildlife:lark":1,"minecraft:smooth_sandstone":2,"deeperdarker:sculk_leech_spawn_egg":1,"endermanoverhaul:end_enderman_spawn_egg":1,"naturalist:zebra_spawn_egg":1,"wilderwild:tumbleweed_plant":4,"deeperdarker:shriek_worm_spawn_egg":2,"naturalist:giraffe_spawn_egg":1,"bygonenether:netherite_bell":1,"deeperdarker:gloomslate_diamond_ore":1,"naturalist:lion_spawn_egg":1,"deeperdarker:sculk_stone":8,"naturalist:alligator_spawn_egg":1,"minecraft:glowstone":3,"minecraft:cherry_stairs":2,"bygonenether:warped_enderman_spawn_egg":1,"minecraft:sandstone_slab":17,"naturalist:hippo_spawn_egg":1,"hamsters:hamster":4,"naturalist:boar_spawn_egg":1,"betterarcheology:villager_fossil":1,"hamsters:hamster_wheel":1,"bygonenether:withered_debris":12}},"DataVersion":3465}