{
  "deeperdarker:recipes/building_blocks/sculk_stone_stairs_from_sculk_stone_stonecutting": {
    "criteria": {
      "has_sculk_stone": "2024-07-18 01:11:52 +0000"
    },
    "done": true
  },
  "minecraft:recipes/decorations/white_glazed_terracotta": {
    "criteria": {
      "has_white_terracotta": "2024-07-18 01:06:46 +0000"
    },
    "done": true
  },
  "create:root": {
    "criteria": {
      "0": "2024-07-18 01:04:51 +0000"
    },
    "done": true
  },
  "minecraft:recipes/building_blocks/black_terracotta": {
    "criteria": {
      "has_terracotta": "2024-07-18 01:06:47 +0000"
    },
    "done": true
  },
  "deeperdarker:recipes/misc/gloomy_cactus_from_smelting_gloomy_cactus": {
    "criteria": {
      "has_gloomy_cactus": "2024-07-18 01:11:31 +0000"
    },
    "done": true
  },
  "minecraft:recipes/decorations/crafting_table": {
    "criteria": {
      "unlock_right_away": "2024-07-18 01:03:50 +0000"
    },
    "done": true
  },
  "minecraft:recipes/building_blocks/pink_terracotta": {
    "criteria": {
      "has_terracotta": "2024-07-18 01:06:47 +0000"
    },
    "done": true
  },
  "minecraft:recipes/building_blocks/blue_terracotta": {
    "criteria": {
      "has_terracotta": "2024-07-18 01:06:47 +0000"
    },
    "done": true
  },
  "minecraft:recipes/building_blocks/light_blue_terracotta": {
    "criteria": {
      "has_terracotta": "2024-07-18 01:06:47 +0000"
    },
    "done": true
  },
  "minecraft:recipes/building_blocks/yellow_terracotta": {
    "criteria": {
      "has_terracotta": "2024-07-18 01:06:47 +0000"
    },
    "done": true
  },
  "deeperdarker:recipes/building_blocks/sculk_stone_wall": {
    "criteria": {
      "has_sculk_stone": "2024-07-18 01:11:52 +0000"
    },
    "done": true
  },
  "deeperdarker:recipes/building_blocks/polished_sculk_stone_from_sculk_stone_stonecutting": {
    "criteria": {
      "has_sculk_stone": "2024-07-18 01:11:52 +0000"
    },
    "done": true
  },
  "minecraft:recipes/building_blocks/orange_terracotta": {
    "criteria": {
      "has_terracotta": "2024-07-18 01:06:47 +0000"
    },
    "done": true
  },
  "minecraft:recipes/building_blocks/magenta_terracotta": {
    "criteria": {
      "has_terracotta": "2024-07-18 01:06:47 +0000"
    },
    "done": true
  },
  "minecraft:adventure/root": {
    "criteria": {
      "killed_something": "2024-07-18 01:09:19 +0000"
    },
    "done": true
  },
  "deeperdarker:recipes/misc/diamond_from_blasting_gloomslate_diamond_ore": {
    "criteria": {
      "has_gloomslate_diamond_ore": "2024-07-18 01:11:23 +0000"
    },
    "done": true
  },
  "minecraft:recipes/building_blocks/cyan_terracotta": {
    "criteria": {
      "has_terracotta": "2024-07-18 01:06:47 +0000"
    },
    "done": true
  },
  "deeperdarker:recipes/building_blocks/sculk_stone_slab_from_sculk_stone_stonecutting": {
    "criteria": {
      "has_sculk_stone": "2024-07-18 01:11:52 +0000"
    },
    "done": true
  },
  "deeperdarker:recipes/misc/diamond_from_smelting_sculk_stone_diamond_ore": {
    "criteria": {
      "has_sculk_stone_diamond_ore": "2024-07-18 01:11:24 +0000"
    },
    "done": true
  },
  "minecraft:recipes/building_blocks/brown_terracotta": {
    "criteria": {
      "has_terracotta": "2024-07-18 01:06:47 +0000"
    },
    "done": true
  },
  "minecraft:recipes/building_blocks/lime_terracotta": {
    "criteria": {
      "has_terracotta": "2024-07-18 01:06:47 +0000"
    },
    "done": true
  },
  "minecraft:recipes/building_blocks/light_gray_terracotta": {
    "criteria": {
      "has_terracotta": "2024-07-18 01:06:47 +0000"
    },
    "done": true
  },
  "deeperdarker:recipes/building_blocks/smooth_sculk_stone_from_smelting_sculk_stone": {
    "criteria": {
      "has_sculk_stone": "2024-07-18 01:11:52 +0000"
    },
    "done": true
  },
  "deeperdarker:recipes/building_blocks/sculk_stone_slab": {
    "criteria": {
      "has_sculk_stone": "2024-07-18 01:11:52 +0000"
    },
    "done": true
  },
  "minecraft:recipes/building_blocks/red_terracotta": {
    "criteria": {
      "has_terracotta": "2024-07-18 01:06:47 +0000"
    },
    "done": true
  },
  "deeperdarker:recipes/building_blocks/sculk_stone_tiles_from_sculk_stone_stonecutting": {
    "criteria": {
      "has_sculk_stone": "2024-07-18 01:11:52 +0000"
    },
    "done": true
  },
  "deeperdarker:recipes/building_blocks/sculk_stone_wall_from_sculk_stone_stonecutting": {
    "criteria": {
      "has_sculk_stone": "2024-07-18 01:11:52 +0000"
    },
    "done": true
  },
  "minecraft:recipes/building_blocks/purple_terracotta": {
    "criteria": {
      "has_terracotta": "2024-07-18 01:06:47 +0000"
    },
    "done": true
  },
  "deeperdarker:recipes/building_blocks/polished_sculk_stone": {
    "criteria": {
      "has_sculk_stone": "2024-07-18 01:11:52 +0000"
    },
    "done": true
  },
  "deeperdarker:recipes/misc/diamond_from_smelting_gloomslate_diamond_ore": {
    "criteria": {
      "has_gloomslate_diamond_ore": "2024-07-18 01:11:23 +0000"
    },
    "done": true
  },
  "deeperdarker:recipes/misc/diamond_from_blasting_sculk_stone_diamond_ore": {
    "criteria": {
      "has_sculk_stone_diamond_ore": "2024-07-18 01:11:24 +0000"
    },
    "done": true
  },
  "deeperdarker:recipes/misc/coal_from_blasting_sculk_stone_coal_ore": {
    "criteria": {
      "has_sculk_stone_coal_ore": "2024-07-18 01:11:28 +0000"
    },
    "done": true
  },
  "ecologics:recipes/ecologics/pot": {
    "criteria": {
      "has_terracotta": "2024-07-18 01:06:46 +0000"
    },
    "done": true
  },
  "minecraft:recipes/building_blocks/white_terracotta": {
    "criteria": {
      "has_terracotta": "2024-07-18 01:06:47 +0000"
    },
    "done": true
  },
  "chiselsandbits:recipes/tools/wrench": {
    "criteria": {
      "has_b": "2024-07-18 01:04:51 +0000"
    },
    "done": true
  },
  "minecraft:adventure/avoid_vibration": {
    "criteria": {
      "avoid_vibration": "2024-07-18 01:12:23 +0000"
    },
    "done": true
  },
  "chiselsandbits:recipes/tools/bit_bag": {
    "criteria": {
      "has_b": "2024-07-18 01:04:51 +0000"
    },
    "done": true
  },
  "deeperdarker:recipes/misc/coal_from_blasting_gloomslate_coal_ore": {
    "criteria": {
      "has_gloomslate_coal_ore": "2024-07-18 01:11:27 +0000"
    },
    "done": true
  },
  "minecraft:adventure/adventuring_time": {
    "criteria": {
      "minecraft:eroded_badlands": "2024-07-18 01:04:30 +0000",
      "minecraft:desert": "2024-07-18 01:03:51 +0000"
    },
    "done": false
  },
  "minecraft:recipes/building_blocks/gray_terracotta": {
    "criteria": {
      "has_terracotta": "2024-07-18 01:06:47 +0000"
    },
    "done": true
  },
  "deeperdarker:main/kill_all_sculk_mobs": {
    "criteria": {
      "shriek_worm": "2024-07-18 01:13:06 +0000",
      "sculk_snapper": "2024-07-18 01:12:21 +0000"
    },
    "done": false
  },
  "minecraft:recipes/building_blocks/green_terracotta": {
    "criteria": {
      "has_terracotta": "2024-07-18 01:06:47 +0000"
    },
    "done": true
  },
  "deeperdarker:recipes/misc/coal_from_smelting_sculk_stone_coal_ore": {
    "criteria": {
      "has_sculk_stone_coal_ore": "2024-07-18 01:11:28 +0000"
    },
    "done": true
  },
  "deeperdarker:recipes/misc/coal_from_smelting_gloomslate_coal_ore": {
    "criteria": {
      "has_gloomslate_coal_ore": "2024-07-18 01:11:27 +0000"
    },
    "done": true
  },
  "DataVersion": 3465
}